{"timestamps": [1543302536.6612656, 1543303822.5953217, 1543304316.4577236, 1543304753.2409682, 1543305263.7613094, 1543305944.9983444, 1543313130.762423, 1543316003.0613272, 1543329889.2093573, 1543330191.993212], "episode_rewards": [-96.01907172816674, -97.98669176505433, -131.94232212200785, -131.9119814938354, -125.45729398081663, -129.29282382409946, -112.5716440732498, -147.82392269012112, -189.86497909369172, -113.06737419398448], "initial_reset_timestamp": 1543301177.2546635, "episode_lengths": [220, 174, 184, 269, 198, 291, 400, 387, 800, 365], "episode_types": ["t", "t", "t", "t", "t", "t", "t", "t", "t", "t"]}