{"episode_types": ["t", "t"], "episode_rewards": [5000.0], "timestamps": [1547307716.4740467], "episode_lengths": [5000], "initial_reset_timestamp": 1547307433.1031091}