{"initial_reset_timestamp": 1546858292.8390434, "episode_types": ["t", "t"], "episode_rewards": [5000.0], "timestamps": [1546859547.5885837], "episode_lengths": [5000]}