{"episode_types": ["t", "t"], "episode_rewards": [10.0], "timestamps": [1546020381.1241348], "episode_lengths": [10], "initial_reset_timestamp": 1546020380.9856567}