{"episode_types": ["t", "t"], "timestamps": [1546856872.549919], "episode_lengths": [262], "episode_rewards": [262.0], "initial_reset_timestamp": 1546856783.353004}